CustomerID,Name,Email,Phone,Address
1,Elizabeth Cox,youngdustin@example.com,+1-572-616-8335x42186,"6853 Fowler Point
Lake Jorgeville, VA 88777"
2,James Rodriguez,marissa45@example.org,644.664.4861,"7679 Mcguire Squares Suite 711
Mccoyborough, MS 13423"
3,Taylor Johnson,johnsonbrian@example.net,2608697666,"0733 Mitchell Islands Apt. 504
Melissafurt, WV 94589"
4,Joanna Wright,hernandezcasey@example.com,2476863825,"1382 Jennifer Mountain Suite 878
West Susan, ND 04640"
5,Valerie Medina,jamesbenjamin@example.com,246.211.6958,"7173 Caleb Corners
Aaronfort, NJ 86565"
6,Melissa Lopez,theresa18@example.com,765.991.7140x3004,"96645 Melissa Lodge
East Rebeccaland, MH 21618"
7,Javier Myers,robin51@example.com,503.272.1485,"6146 Stevenson Shore Suite 838
Smithberg, ME 94897"
8,Karen Drake,galvankristina@example.net,7088051138,"3566 Tyler Centers Suite 126
Lake Ann, VT 44988"
9,Sarah Brennan,adelgado@example.net,001-512-454-0505x93395,"60705 Wallace Union Suite 981
Yatesburgh, MO 36070"
10,Bryce Dillon,karen76@example.net,410.987.7832,"073 Michael Overpass
Justinborough, NV 37431"
11,Edwin Weiss,patrick55@example.com,+1-319-669-8167x5610,"5107 Kayla Garden Apt. 829
Michelleville, NE 11501"
12,Michael Harris,bday@example.net,658.978.4121x457,"44679 Michael Dam Apt. 069
New Erica, IA 54081"
13,Sarah Harrison,mgarza@example.com,001-306-924-0410x29011,"852 Boyle Mountains
South Ralphchester, SC 67296"
14,Dr. Theresa Kane,sara24@example.net,001-739-823-6929x3914,"435 Katelyn Light
Crystalshire, MS 56088"
15,Michael Goodman,shanecook@example.com,(807)602-6662x2670,"795 Butler Springs Apt. 575
Owensland, WI 86281"
16,Angela Callahan,athompson@example.com,207-663-0053x5886,"572 English Spurs Apt. 252
Jeffreyburgh, IN 11062"
17,Michael Miller,caldwelljuan@example.net,629.815.5344,"65706 Dylan Haven
West Charles, SD 31504"
18,Laurie Turner,williamhardy@example.com,001-458-834-2593x7432,"969 Riley Flat Apt. 349
Timothybury, SC 66229"
19,Felicia Oconnor,monicajohnson@example.net,001-322-786-7686x850,"7950 Tracy Crest Apt. 879
Yatesmouth, AZ 54794"
20,Brandy Ford,bbrown@example.org,479-986-7264,"Unit 9428 Box 1043
DPO AP 51495"
21,Daniel Lane,murphykevin@example.org,+1-509-904-2296x474,"Unit 7905 Box 5239
DPO AP 32369"
22,Jeff Riddle,jessicalee@example.net,706-556-6897x405,"5265 Fitzpatrick Vista
North Heathershire, NM 69689"
23,Kimberly Herrera,benjaminlee@example.org,+1-512-443-6040x4693,"997 Hayden Roads Suite 590
Port Jayfort, NE 94643"
24,Brandon Johnston,lbrown@example.net,+1-696-509-8886,"054 Shaw Fort Apt. 393
North Tyler, SC 46722"
25,Andrew Hall,lisa91@example.org,001-646-515-2125,"59854 Chelsea Fields
West Brandi, NH 72774"
26,Tina Brown,burtonjoseph@example.net,617.808.4047,"Unit 7532 Box 8201
DPO AP 74595"
27,Karen Ballard DDS,joshuawhitney@example.org,2995350779,"3995 Hanna Ramp
Jimenezberg, MT 12923"
28,April Sosa,mark25@example.org,487.219.9586,"3373 Roberts Skyway
Jessicaburgh, CT 89514"
29,Theresa Schmidt,braydustin@example.com,001-738-403-9500x13843,"14807 Kimberly Ferry
Port Lisa, NH 02508"
30,Michael Rodriguez,stacie13@example.org,+1-521-627-3443x51268,"2261 Christensen Glens
Maryton, WA 72041"
31,Felicia Rogers,uduffy@example.com,554.538.1180,"956 Johnson Roads
Port Maria, IN 91723"
32,Tracey Evans,catherine52@example.org,949-338-7780,"637 Weber Trace Apt. 514
Smithtown, MD 29698"
33,Nancy Berg,bfowler@example.net,276-868-2163,"Unit 8341 Box 9592
DPO AA 28643"
34,Amy Anderson,jeremygarcia@example.com,250.685.7043x7398,"USCGC Vang
FPO AP 66717"
35,Jeremy Adams,etran@example.com,001-560-485-5479x5016,"USS Williams
FPO AA 90999"
36,April Thomas,john21@example.com,8548222316,"22062 Chambers Springs Apt. 298
Marktown, MT 89254"
37,Shelia Curtis,marquezkeith@example.net,001-895-562-2179x89329,"7362 Yvonne Lights
Wiseside, AZ 93859"
38,Jeremy Shaw,nancy03@example.org,001-636-521-3195x72845,"962 Carlson Mills Apt. 157
Grahamview, KS 36252"
39,Joseph Morse,earroyo@example.com,+1-609-243-3423,"USNV Robbins
FPO AE 36301"
40,Adrian Moore,josephharris@example.net,001-495-816-7611,"964 Paul Circles
South Alexismouth, TN 47666"
41,Levi Holmes,maxwelljennifer@example.net,001-999-571-2375x99619,"9393 Kristen Crossroad Suite 691
North Whitneyborough, ID 60711"
42,Mary Sandoval,lauren54@example.org,001-617-850-3163x4062,"395 John Extension
Charlesborough, PW 38199"
43,Thomas Hall,egomez@example.org,001-587-807-6806x35739,"105 Jackson Crescent Suite 927
Danielburgh, GA 62673"
44,Erin Brown,dhorne@example.org,+1-261-334-7978x838,"8680 Kayla Courts
Mitchellburgh, AR 51820"
45,Theresa Byrd DDS,wrightjesus@example.net,871.541.6968x711,"84893 Williams Manors Apt. 679
East Dawnshire, GU 27930"
46,Maurice Yates,rogersrobert@example.net,+1-328-690-3744x519,"3202 Jessica Mews
South Christopher, AS 92224"
47,Raymond Phillips,gaguirre@example.net,+1-214-347-2998x6314,"591 Amy Street Suite 960
East Jennifer, NC 57211"
48,James Hobbs,paula38@example.org,268.900.2632x3039,"10998 Susan Viaduct Suite 680
Marissaside, NJ 36591"
49,Jason Gilbert,longerica@example.com,(704)566-8213,"1852 Tiffany Track
South Cindyview, AR 62704"
50,Donald Edwards,matthew97@example.com,(417)909-2082x2704,"643 Watson Vista
Davidbury, NH 43087"
51,Amy Stephens,kayla93@example.com,001-766-342-2885,"8938 Fuentes Ways
East Parkertown, AK 85743"
52,Paul Howard,gabrielsalas@example.net,+1-431-615-8918x3099,"092 Fletcher Shore Suite 368
Kristinbury, IL 89724"
53,Corey Mcdonald,nevans@example.net,313.530.8377,"Unit 0747 Box 1992
DPO AA 75691"
54,Roger Curry,eshepard@example.com,(341)953-6925,"761 Ann Turnpike Apt. 581
West Roberto, MT 97896"
55,Patricia Harmon,urodriguez@example.org,9647254846,"834 Audrey Fall Suite 920
Lake Jenniferchester, TX 55761"
56,Steve Williamson,uhart@example.net,970-519-9908x8277,"Unit 3254 Box 3948
DPO AP 35879"
57,Stephanie Berg,jenkinsronald@example.net,001-808-944-8403x94625,"7359 Calhoun Freeway Suite 813
East Melissa, FM 56299"
58,Tiffany Hill,cortezrichard@example.net,+1-619-212-5384x5274,"996 Lawrence Bypass Suite 400
Robertfurt, IA 98374"
59,Laura Smith,kerrysmith@example.net,432-243-6696,"3777 Johnson Overpass
North Nicolefort, OH 21666"
60,Kirsten Sandoval,tylerolivia@example.net,926.244.0187x86627,"4411 Crawford Ford
Knoxville, IL 87226"
61,David Lane,baileyelizabeth@example.org,520-375-3620x51192,"39705 Jennifer Rapids Apt. 224
Jamestown, MN 22381"
62,David Berg,sjames@example.org,+1-733-228-4140x935,"76299 Elizabeth Islands Apt. 783
Lake Marktown, GU 39292"
63,Rhonda Schmidt,qvasquez@example.org,001-512-311-9860,"97046 Gerald Key
Richardsonfurt, MP 57664"
64,Michael White,olsonvincent@example.com,+1-718-803-1467x4839,"432 Nicole Lake
New Sandra, AL 65439"
65,Heather Lewis,tammie76@example.org,001-475-667-0009x999,"389 Patrick Shores
Lake Jeffreybury, VA 77993"
66,Kevin Hernandez,kbennett@example.com,750.725.9729,"12047 Leroy Harbors Suite 224
Martinezstad, OR 96846"
67,Gina Salazar,james01@example.org,+1-767-561-9034x6326,"60854 Roman Track
South Michael, AS 28575"
68,Nathan Porter,jacqueline60@example.com,+1-792-275-3899x85461,"38921 Tasha Drive Apt. 326
Hunterton, WV 22531"
69,Mark Robinson,josephcruz@example.net,990-417-7354x59539,"5777 Wallace Islands
West Wendyborough, MO 20030"
70,Frank Payne,louis17@example.org,001-715-991-3507x876,"33015 Mclaughlin Shoal Apt. 568
Deniseland, NH 02453"
71,Wayne Craig,josecox@example.org,(768)490-2073x398,"749 King Trafficway
Jamesberg, OK 14430"
72,Hunter Edwards,zlopez@example.net,675-881-1706x35629,"86833 Atkinson Circles
Fordmouth, VI 43978"
73,Karen Arellano,elizabeth47@example.org,820-488-2712x83911,"USNS Keith
FPO AA 30562"
74,Cindy Martin,gturner@example.com,001-426-456-8419x48861,"329 Luna Trail
West Sarah, MN 05346"
75,Teresa Dunlap,gonzalezchristopher@example.com,+1-392-902-5739,"6659 Eric Underpass Suite 264
Lake Hannahview, RI 98064"
76,Terri Burton,kristawarren@example.org,(645)745-9504,"2568 Perez Loop Apt. 735
Barrettmouth, ME 51511"
77,Tony Lewis,thomas05@example.net,5197671027,"192 Kathleen Course Apt. 891
Lake Sally, CO 54463"
78,Mr. Charles Martinez,dthomas@example.org,872-374-7921,"96800 Williams Street Suite 309
South Dylanland, IN 43578"
79,Jason Young,michael27@example.com,+1-935-296-5698x08524,"1236 Michele Manor Apt. 520
East Ryanshire, CO 51307"
80,Gregory Coleman DDS,bensonrita@example.net,(915)344-8868x7112,"4174 Peterson Ridge
Ginaborough, PA 46516"
81,Lori Lopez,heidismith@example.net,+1-826-970-3426x7064,"7759 Chavez Junctions Apt. 761
Davidview, PR 41634"
82,Susan Mcintyre,nelsonamber@example.org,638-289-1512x51305,"663 Jeffrey Overpass Apt. 293
South Michealstad, PW 56092"
83,David Chapman,morgan88@example.net,508.835.0078x3123,"80403 Rogers Mountains Suite 563
North Lindsey, DE 85634"
84,David Smith,cynthia19@example.com,(783)270-2392x6856,"6188 Rivas Bridge
South Lisaville, PW 31708"
85,Michael Walker,jonesmatthew@example.com,7204012673,"6606 Cummings Glens Apt. 793
Rachelport, UT 33217"
86,Alexander Atkinson,lauriehernandez@example.com,462-506-5269,"32723 David Plains Suite 211
Leonardmouth, OK 84589"
87,Teresa Brooks,sean40@example.org,8093639688,"3682 Williamson Ranch
West Davidfort, OK 79436"
88,Samuel Jackson,oburns@example.net,001-235-884-0615x16875,"687 Carolyn Course
South Lisaville, PR 08758"
89,Carolyn Rodriguez,hernandezgregory@example.com,+1-365-342-0908x792,"71839 Weber Crest Apt. 015
South Laurachester, ME 54380"
90,David Graham,mweaver@example.com,001-839-910-2796x2003,"94195 Mullins Vista Apt. 421
East Cody, OK 92238"
91,Alejandro Richard,ypeterson@example.com,6003527053,"23308 Paul Cape Suite 072
Johnsonside, IN 09630"
92,Sarah Castro,holly99@example.com,659-359-1726,"44259 Nguyen Summit Apt. 451
Jasonmouth, IN 82110"
93,Michael Jackson,millertaylor@example.org,369-264-2812x132,"4914 Carrie Tunnel
West Debra, GU 58895"
94,Walter Taylor,stewarttimothy@example.com,632.428.6454x8822,"35649 Adam Common
East Julia, DE 74725"
95,Scott Walker,kochmaureen@example.net,850-596-4836,"8568 Robinson Crossing Suite 056
East Nicholasside, OR 63069"
96,John Greer,gabrielawilliams@example.org,813-431-3063x14071,"406 Byrd Road
Stevenfurt, AZ 08245"
97,Todd Middleton,rebekah22@example.org,(497)488-0413,"56049 Joshua Lock
Bullockstad, VA 82025"
98,Rebecca Pearson,bparker@example.org,(498)933-1341x980,"11478 John Expressway
New Aaron, KY 11958"
99,Nicole Bell,davidporter@example.net,001-357-327-5897x255,"9211 Rogers Ways
Scottview, OH 48705"
100,Michelle Williamson,david39@example.com,001-218-866-5893,"3486 Dunn Tunnel Apt. 993
Port David, WY 73223"
