ProductID,Name,Category,Price
1,night,agency,36.68
2,billion,win,25.05
3,everybody,outside,10.62
4,their,so,8.41
5,imagine,region,13.46
6,along,support,38.96
7,away,information,49.25
8,camera,get,19.47
9,environment,find,9.74
10,wind,animal,41.29
11,standard,money,8.82
12,technology,seek,20.41
13,our,work,46.37
14,sport,set,5.95
15,bad,indicate,18.62
16,five,bank,36.42
17,specific,among,10.55
18,but,goal,40.59
19,amount,control,11.02
20,lay,capital,28.09
21,machine,present,29.89
22,world,middle,22.54
23,street,moment,28.73
24,wind,job,31.57
25,knowledge,summer,26.39
26,push,side,29.24
27,matter,operation,44.68
28,concern,imagine,27.51
29,daughter,voice,18.58
30,operation,already,30.85
31,agreement,against,26.31
32,economy,forward,17.78
33,recently,someone,34.21
34,position,physical,7.92
35,art,rather,14.03
36,become,believe,30.56
37,mother,recently,42.78
38,manage,director,10.51
39,least,war,6.44
40,thought,air,34.76
41,play,believe,15.55
42,simple,condition,41.51
43,shoulder,leader,32.99
44,huge,rise,10.45
45,business,firm,6.61
46,effect,pass,8.19
47,floor,oil,14.67
48,film,to,10.31
49,resource,ten,35.99
50,soldier,fund,5.08
